Project,,,Observation Year,Observation Month/Day,Location,Species,Fish Count,Fish Count, CASE  WHEN Count Type = 'Counted Live' THEN 'Counted' ELSE Count Type END,Method
Kuskokwim River Sonar,,,2018,06/01,Kuskokwim River Sonar,Sockeye,0,0,Calculated,Sonar
Kuskokwim River Sonar,,,2018,06/02,Kuskokwim River Sonar,Sockeye,0,0,Calculated,Sonar
Kuskokwim River Sonar,,,2018,06/03,Kuskokwim River Sonar,Sockeye,0,0,Calculated,Sonar
Kuskokwim River Sonar,,,2018,06/04,Kuskokwim River Sonar,Sockeye,0,0,Calculated,Sonar
Kuskokwim River Sonar,,,2018,06/05,Kuskokwim River Sonar,Sockeye,0,0,Calculated,Sonar
Kuskokwim River Sonar,,,2018,06/06,Kuskokwim River Sonar,Sockeye,376,376,Calculated,Sonar
Kuskokwim River Sonar,,,2018,06/07,Kuskokwim River Sonar,Sockeye,654,654,Calculated,Sonar
Kuskokwim River Sonar,,,2018,06/08,Kuskokwim River Sonar,Sockeye,771,771,Calculated,Sonar
Kuskokwim River Sonar,,,2018,06/09,Kuskokwim River Sonar,Sockeye,0,0,Calculated,Sonar
Kuskokwim River Sonar,,,2018,06/10,Kuskokwim River Sonar,Sockeye,0,0,Calculated,Sonar
Kuskokwim River Sonar,,,2018,06/11,Kuskokwim River Sonar,Sockeye,173,173,Calculated,Sonar
Kuskokwim River Sonar,,,2018,06/12,Kuskokwim River Sonar,Sockeye,107,107,Calculated,Sonar
Kuskokwim River Sonar,,,2018,06/13,Kuskokwim River Sonar,Sockeye,119,119,Calculated,Sonar
Kuskokwim River Sonar,,,2018,06/14,Kuskokwim River Sonar,Sockeye,269,269,Calculated,Sonar
Kuskokwim River Sonar,,,2018,06/15,Kuskokwim River Sonar,Sockeye,318,318,Calculated,Sonar
Kuskokwim River Sonar,,,2018,06/16,Kuskokwim River Sonar,Sockeye,0,0,Calculated,Sonar
Kuskokwim River Sonar,,,2018,06/17,Kuskokwim River Sonar,Sockeye,406,406,Calculated,Sonar
Kuskokwim River Sonar,,,2018,06/18,Kuskokwim River Sonar,Sockeye,587,587,Calculated,Sonar
Kuskokwim River Sonar,,,2018,06/19,Kuskokwim River Sonar,Sockeye,2284,2284,Calculated,Sonar
Kuskokwim River Sonar,,,2018,06/20,Kuskokwim River Sonar,Sockeye,2795,2795,Calculated,Sonar
Kuskokwim River Sonar,,,2018,06/21,Kuskokwim River Sonar,Sockeye,1362,1362,Calculated,Sonar
Kuskokwim River Sonar,,,2018,06/22,Kuskokwim River Sonar,Sockeye,3382,3382,Calculated,Sonar
Kuskokwim River Sonar,,,2018,06/23,Kuskokwim River Sonar,Sockeye,7169,7169,Calculated,Sonar
Kuskokwim River Sonar,,,2018,06/24,Kuskokwim River Sonar,Sockeye,5365,5365,Calculated,Sonar
Kuskokwim River Sonar,,,2018,06/25,Kuskokwim River Sonar,Sockeye,8942,8942,Calculated,Sonar
Kuskokwim River Sonar,,,2018,06/26,Kuskokwim River Sonar,Sockeye,15378,15378,Calculated,Sonar
Kuskokwim River Sonar,,,2018,06/27,Kuskokwim River Sonar,Sockeye,14070,14070,Calculated,Sonar
Kuskokwim River Sonar,,,2018,06/28,Kuskokwim River Sonar,Sockeye,9809,9809,Calculated,Sonar
Kuskokwim River Sonar,,,2018,06/29,Kuskokwim River Sonar,Sockeye,21323,21323,Calculated,Sonar
Kuskokwim River Sonar,,,2018,06/30,Kuskokwim River Sonar,Sockeye,32273,32273,Calculated,Sonar
Kuskokwim River Sonar,,,2018,07/01,Kuskokwim River Sonar,Sockeye,17071,17071,Calculated,Sonar
Kuskokwim River Sonar,,,2018,07/02,Kuskokwim River Sonar,Sockeye,24271,24271,Calculated,Sonar
Kuskokwim River Sonar,,,2018,07/03,Kuskokwim River Sonar,Sockeye,22462,22462,Calculated,Sonar
Kuskokwim River Sonar,,,2018,07/04,Kuskokwim River Sonar,Sockeye,35976,35976,Calculated,Sonar
Kuskokwim River Sonar,,,2018,07/05,Kuskokwim River Sonar,Sockeye,46330,46330,Calculated,Sonar
Kuskokwim River Sonar,,,2018,07/06,Kuskokwim River Sonar,Sockeye,27302,27302,Calculated,Sonar
Kuskokwim River Sonar,,,2018,07/07,Kuskokwim River Sonar,Sockeye,40048,40048,Calculated,Sonar
Kuskokwim River Sonar,,,2018,07/08,Kuskokwim River Sonar,Sockeye,43821,43821,Calculated,Sonar
Kuskokwim River Sonar,,,2018,07/09,Kuskokwim River Sonar,Sockeye,30084,30084,Calculated,Sonar
Kuskokwim River Sonar,,,2018,07/10,Kuskokwim River Sonar,Sockeye,20062,20062,Calculated,Sonar
Kuskokwim River Sonar,,,2018,07/11,Kuskokwim River Sonar,Sockeye,29878,29878,Calculated,Sonar
Kuskokwim River Sonar,,,2018,07/12,Kuskokwim River Sonar,Sockeye,20376,20376,Calculated,Sonar
Kuskokwim River Sonar,,,2018,07/13,Kuskokwim River Sonar,Sockeye,18066,18066,Calculated,Sonar
Kuskokwim River Sonar,,,2018,07/14,Kuskokwim River Sonar,Sockeye,16689,16689,Calculated,Sonar
Kuskokwim River Sonar,,,2018,07/15,Kuskokwim River Sonar,Sockeye,11717,11717,Calculated,Sonar
Kuskokwim River Sonar,,,2018,07/16,Kuskokwim River Sonar,Sockeye,13793,13793,Calculated,Sonar
Kuskokwim River Sonar,,,2018,07/17,Kuskokwim River Sonar,Sockeye,11777,11777,Calculated,Sonar
Kuskokwim River Sonar,,,2018,07/18,Kuskokwim River Sonar,Sockeye,14947,14947,Calculated,Sonar
Kuskokwim River Sonar,,,2018,07/19,Kuskokwim River Sonar,Sockeye,18273,18273,Calculated,Sonar
Kuskokwim River Sonar,,,2018,07/20,Kuskokwim River Sonar,Sockeye,7748,7748,Calculated,Sonar
Kuskokwim River Sonar,,,2018,07/21,Kuskokwim River Sonar,Sockeye,16086,16086,Calculated,Sonar
Kuskokwim River Sonar,,,2018,07/22,Kuskokwim River Sonar,Sockeye,5581,5581,Calculated,Sonar
Kuskokwim River Sonar,,,2018,07/23,Kuskokwim River Sonar,Sockeye,20034,20034,Calculated,Sonar
Kuskokwim River Sonar,,,2018,07/24,Kuskokwim River Sonar,Sockeye,11015,11015,Calculated,Sonar
Kuskokwim River Sonar,,,2018,07/25,Kuskokwim River Sonar,Sockeye,14083,14083,Calculated,Sonar
Kuskokwim River Sonar,,,2018,07/26,Kuskokwim River Sonar,Sockeye,13451,13451,Calculated,Sonar
Kuskokwim River Sonar,,,2019,05/31,Kuskokwim River Sonar,Sockeye,225,225,Calculated,Sonar
Kuskokwim River Sonar,,,2019,06/01,Kuskokwim River Sonar,Sockeye,179,179,Calculated,Sonar
Kuskokwim River Sonar,,,2019,06/02,Kuskokwim River Sonar,Sockeye,0,0,Calculated,Sonar
Kuskokwim River Sonar,,,2019,06/03,Kuskokwim River Sonar,Sockeye,0,0,Calculated,Sonar
Kuskokwim River Sonar,,,2019,06/04,Kuskokwim River Sonar,Sockeye,0,0,Calculated,Sonar
Kuskokwim River Sonar,,,2019,06/05,Kuskokwim River Sonar,Sockeye,0,0,Calculated,Sonar
Kuskokwim River Sonar,,,2019,06/06,Kuskokwim River Sonar,Sockeye,0,0,Calculated,Sonar
Kuskokwim River Sonar,,,2019,06/07,Kuskokwim River Sonar,Sockeye,0,0,Calculated,Sonar
Kuskokwim River Sonar,,,2019,06/08,Kuskokwim River Sonar,Sockeye,481,481,Calculated,Sonar
Kuskokwim River Sonar,,,2019,06/09,Kuskokwim River Sonar,Sockeye,188,188,Calculated,Sonar
Kuskokwim River Sonar,,,2019,06/10,Kuskokwim River Sonar,Sockeye,774,774,Calculated,Sonar
Kuskokwim River Sonar,,,2019,06/11,Kuskokwim River Sonar,Sockeye,811,811,Calculated,Sonar
Kuskokwim River Sonar,,,2019,06/12,Kuskokwim River Sonar,Sockeye,589,589,Calculated,Sonar
Kuskokwim River Sonar,,,2019,06/13,Kuskokwim River Sonar,Sockeye,1784,1784,Calculated,Sonar
Kuskokwim River Sonar,,,2019,06/14,Kuskokwim River Sonar,Sockeye,2757,2757,Calculated,Sonar
Kuskokwim River Sonar,,,2019,06/15,Kuskokwim River Sonar,Sockeye,2585,2585,Calculated,Sonar
Kuskokwim River Sonar,,,2019,06/16,Kuskokwim River Sonar,Sockeye,1407,1407,Calculated,Sonar
Kuskokwim River Sonar,,,2019,06/17,Kuskokwim River Sonar,Sockeye,2292,2292,Calculated,Sonar
Kuskokwim River Sonar,,,2019,06/18,Kuskokwim River Sonar,Sockeye,4028,4028,Calculated,Sonar
Kuskokwim River Sonar,,,2019,06/19,Kuskokwim River Sonar,Sockeye,2297,2297,Calculated,Sonar
Kuskokwim River Sonar,,,2019,06/20,Kuskokwim River Sonar,Sockeye,6549,6549,Calculated,Sonar
Kuskokwim River Sonar,,,2019,06/21,Kuskokwim River Sonar,Sockeye,10908,10908,Calculated,Sonar
Kuskokwim River Sonar,,,2019,06/22,Kuskokwim River Sonar,Sockeye,8806,8806,Calculated,Sonar
Kuskokwim River Sonar,,,2019,06/23,Kuskokwim River Sonar,Sockeye,14195,14195,Calculated,Sonar
Kuskokwim River Sonar,,,2019,06/24,Kuskokwim River Sonar,Sockeye,14119,14119,Calculated,Sonar
Kuskokwim River Sonar,,,2019,06/25,Kuskokwim River Sonar,Sockeye,8921,8921,Calculated,Sonar
Kuskokwim River Sonar,,,2019,06/26,Kuskokwim River Sonar,Sockeye,35698,35698,Calculated,Sonar
Kuskokwim River Sonar,,,2019,06/27,Kuskokwim River Sonar,Sockeye,21190,21190,Calculated,Sonar
Kuskokwim River Sonar,,,2019,06/28,Kuskokwim River Sonar,Sockeye,63610,63610,Calculated,Sonar
Kuskokwim River Sonar,,,2019,06/29,Kuskokwim River Sonar,Sockeye,89702,89702,Calculated,Sonar
Kuskokwim River Sonar,,,2019,06/30,Kuskokwim River Sonar,Sockeye,46924,46924,Calculated,Sonar
Kuskokwim River Sonar,,,2019,07/01,Kuskokwim River Sonar,Sockeye,32559,32559,Calculated,Sonar
Kuskokwim River Sonar,,,2019,07/02,Kuskokwim River Sonar,Sockeye,18672,18672,Calculated,Sonar
Kuskokwim River Sonar,,,2019,07/03,Kuskokwim River Sonar,Sockeye,32826,32826,Calculated,Sonar
Kuskokwim River Sonar,,,2019,07/04,Kuskokwim River Sonar,Sockeye,53893,53893,Calculated,Sonar
Kuskokwim River Sonar,,,2019,07/05,Kuskokwim River Sonar,Sockeye,38297,38297,Calculated,Sonar
Kuskokwim River Sonar,,,2019,07/06,Kuskokwim River Sonar,Sockeye,39631,39631,Calculated,Sonar
Kuskokwim River Sonar,,,2019,07/07,Kuskokwim River Sonar,Sockeye,38081,38081,Calculated,Sonar
Kuskokwim River Sonar,,,2019,07/08,Kuskokwim River Sonar,Sockeye,24436,24436,Calculated,Sonar
Kuskokwim River Sonar,,,2019,07/09,Kuskokwim River Sonar,Sockeye,17380,17380,Calculated,Sonar
Kuskokwim River Sonar,,,2019,07/10,Kuskokwim River Sonar,Sockeye,11541,11541,Calculated,Sonar
Kuskokwim River Sonar,,,2019,07/11,Kuskokwim River Sonar,Sockeye,17108,17108,Calculated,Sonar
Kuskokwim River Sonar,,,2019,07/12,Kuskokwim River Sonar,Sockeye,21467,21467,Calculated,Sonar
Kuskokwim River Sonar,,,2019,07/13,Kuskokwim River Sonar,Sockeye,17519,17519,Calculated,Sonar
Kuskokwim River Sonar,,,2019,07/14,Kuskokwim River Sonar,Sockeye,20981,20981,Calculated,Sonar
Kuskokwim River Sonar,,,2019,07/15,Kuskokwim River Sonar,Sockeye,24151,24151,Calculated,Sonar
Kuskokwim River Sonar,,,2019,07/16,Kuskokwim River Sonar,Sockeye,20051,20051,Calculated,Sonar
Kuskokwim River Sonar,,,2019,07/17,Kuskokwim River Sonar,Sockeye,17576,17576,Calculated,Sonar
Kuskokwim River Sonar,,,2019,07/18,Kuskokwim River Sonar,Sockeye,14345,14345,Calculated,Sonar
Kuskokwim River Sonar,,,2019,07/19,Kuskokwim River Sonar,Sockeye,18755,18755,Calculated,Sonar
Kuskokwim River Sonar,,,2019,07/20,Kuskokwim River Sonar,Sockeye,8761,8761,Calculated,Sonar
Kuskokwim River Sonar,,,2019,07/21,Kuskokwim River Sonar,Sockeye,17038,17038,Calculated,Sonar
Kuskokwim River Sonar,,,2019,07/22,Kuskokwim River Sonar,Sockeye,27237,27237,Calculated,Sonar
Kuskokwim River Sonar,,,2019,07/23,Kuskokwim River Sonar,Sockeye,27047,27047,Calculated,Sonar
Kuskokwim River Sonar,,,2019,07/24,Kuskokwim River Sonar,Sockeye,11432,11432,Calculated,Sonar
Kuskokwim River Sonar,,,2019,07/25,Kuskokwim River Sonar,Sockeye,6826,6826,Calculated,Sonar
Kuskokwim River Sonar,,,2019,07/26,Kuskokwim River Sonar,Sockeye,5950,5950,Calculated,Sonar
Kuskokwim River Sonar,,,2020,06/01,Kuskokwim River Sonar,Sockeye,,,No Data,Sonar
Kuskokwim River Sonar,,,2020,06/02,Kuskokwim River Sonar,Sockeye,,,No Data,Sonar
Kuskokwim River Sonar,,,2020,06/03,Kuskokwim River Sonar,Sockeye,0,0,Calculated,Sonar
Kuskokwim River Sonar,,,2020,06/04,Kuskokwim River Sonar,Sockeye,0,0,Calculated,Sonar
Kuskokwim River Sonar,,,2020,06/05,Kuskokwim River Sonar,Sockeye,0,0,Calculated,Sonar
Kuskokwim River Sonar,,,2020,06/06,Kuskokwim River Sonar,Sockeye,0,0,Calculated,Sonar
Kuskokwim River Sonar,,,2020,06/07,Kuskokwim River Sonar,Sockeye,0,0,Calculated,Sonar
Kuskokwim River Sonar,,,2020,06/08,Kuskokwim River Sonar,Sockeye,0,0,Calculated,Sonar
Kuskokwim River Sonar,,,2020,06/09,Kuskokwim River Sonar,Sockeye,950,950,Calculated,Sonar
Kuskokwim River Sonar,,,2020,06/10,Kuskokwim River Sonar,Sockeye,0,0,Calculated,Sonar
Kuskokwim River Sonar,,,2020,06/11,Kuskokwim River Sonar,Sockeye,0,0,Calculated,Sonar
Kuskokwim River Sonar,,,2020,06/12,Kuskokwim River Sonar,Sockeye,0,0,Calculated,Sonar
Kuskokwim River Sonar,,,2020,06/13,Kuskokwim River Sonar,Sockeye,286,286,Calculated,Sonar
Kuskokwim River Sonar,,,2020,06/14,Kuskokwim River Sonar,Sockeye,1268,1268,Calculated,Sonar
Kuskokwim River Sonar,,,2020,06/15,Kuskokwim River Sonar,Sockeye,2080,2080,Calculated,Sonar
Kuskokwim River Sonar,,,2020,06/16,Kuskokwim River Sonar,Sockeye,645,645,Calculated,Sonar
Kuskokwim River Sonar,,,2020,06/17,Kuskokwim River Sonar,Sockeye,860,860,Calculated,Sonar
Kuskokwim River Sonar,,,2020,06/18,Kuskokwim River Sonar,Sockeye,2564,2564,Calculated,Sonar
Kuskokwim River Sonar,,,2020,06/19,Kuskokwim River Sonar,Sockeye,6848,6848,Calculated,Sonar
Kuskokwim River Sonar,,,2020,06/20,Kuskokwim River Sonar,Sockeye,1717,1717,Calculated,Sonar
Kuskokwim River Sonar,,,2020,06/21,Kuskokwim River Sonar,Sockeye,6010,6010,Calculated,Sonar
Kuskokwim River Sonar,,,2020,06/22,Kuskokwim River Sonar,Sockeye,4727,4727,Calculated,Sonar
Kuskokwim River Sonar,,,2020,06/23,Kuskokwim River Sonar,Sockeye,4939,4939,Calculated,Sonar
Kuskokwim River Sonar,,,2020,06/24,Kuskokwim River Sonar,Sockeye,6782,6782,Calculated,Sonar
Kuskokwim River Sonar,,,2020,06/25,Kuskokwim River Sonar,Sockeye,8522,8522,Calculated,Sonar
Kuskokwim River Sonar,,,2020,06/26,Kuskokwim River Sonar,Sockeye,15447,15447,Calculated,Sonar
Kuskokwim River Sonar,,,2020,06/27,Kuskokwim River Sonar,Sockeye,16591,16591,Calculated,Sonar
Kuskokwim River Sonar,,,2020,06/28,Kuskokwim River Sonar,Sockeye,22166,22166,Calculated,Sonar
Kuskokwim River Sonar,,,2020,06/29,Kuskokwim River Sonar,Sockeye,19758,19758,Calculated,Sonar
Kuskokwim River Sonar,,,2020,06/30,Kuskokwim River Sonar,Sockeye,23412,23412,Calculated,Sonar
Kuskokwim River Sonar,,,2020,07/01,Kuskokwim River Sonar,Sockeye,20663,20663,Calculated,Sonar
Kuskokwim River Sonar,,,2020,07/02,Kuskokwim River Sonar,Sockeye,19987,19987,Calculated,Sonar
Kuskokwim River Sonar,,,2020,07/03,Kuskokwim River Sonar,Sockeye,19758,19758,Calculated,Sonar
Kuskokwim River Sonar,,,2020,07/04,Kuskokwim River Sonar,Sockeye,30770,30770,Calculated,Sonar
Kuskokwim River Sonar,,,2020,07/05,Kuskokwim River Sonar,Sockeye,23932,23932,Calculated,Sonar
Kuskokwim River Sonar,,,2020,07/06,Kuskokwim River Sonar,Sockeye,29620,29620,Calculated,Sonar
Kuskokwim River Sonar,,,2020,07/07,Kuskokwim River Sonar,Sockeye,19051,19051,Calculated,Sonar
Kuskokwim River Sonar,,,2020,07/08,Kuskokwim River Sonar,Sockeye,12520,12520,Calculated,Sonar
Kuskokwim River Sonar,,,2020,07/09,Kuskokwim River Sonar,Sockeye,17302,17302,Calculated,Sonar
Kuskokwim River Sonar,,,2020,07/10,Kuskokwim River Sonar,Sockeye,21025,21025,Calculated,Sonar
Kuskokwim River Sonar,,,2020,07/11,Kuskokwim River Sonar,Sockeye,31468,31468,Calculated,Sonar
Kuskokwim River Sonar,,,2020,07/12,Kuskokwim River Sonar,Sockeye,30888,30888,Calculated,Sonar
Kuskokwim River Sonar,,,2020,07/13,Kuskokwim River Sonar,Sockeye,20554,20554,Calculated,Sonar
Kuskokwim River Sonar,,,2020,07/14,Kuskokwim River Sonar,Sockeye,35928,35928,Calculated,Sonar
Kuskokwim River Sonar,,,2020,07/15,Kuskokwim River Sonar,Sockeye,22046,22046,Calculated,Sonar
Kuskokwim River Sonar,,,2020,07/16,Kuskokwim River Sonar,Sockeye,11393,11393,Calculated,Sonar
Kuskokwim River Sonar,,,2020,07/17,Kuskokwim River Sonar,Sockeye,8272,8272,Calculated,Sonar
Kuskokwim River Sonar,,,2020,07/18,Kuskokwim River Sonar,Sockeye,13285,13285,Calculated,Sonar
Kuskokwim River Sonar,,,2020,07/19,Kuskokwim River Sonar,Sockeye,5116,5116,Calculated,Sonar
Kuskokwim River Sonar,,,2020,07/20,Kuskokwim River Sonar,Sockeye,4101,4101,Calculated,Sonar
Kuskokwim River Sonar,,,2020,07/21,Kuskokwim River Sonar,Sockeye,3583,3583,Calculated,Sonar
Kuskokwim River Sonar,,,2020,07/22,Kuskokwim River Sonar,Sockeye,3318,3318,Calculated,Sonar
Kuskokwim River Sonar,,,2020,07/23,Kuskokwim River Sonar,Sockeye,2327,2327,Calculated,Sonar
Kuskokwim River Sonar,,,2020,07/24,Kuskokwim River Sonar,Sockeye,832,832,Calculated,Sonar
Kuskokwim River Sonar,,,2020,07/25,Kuskokwim River Sonar,Sockeye,2198,2198,Calculated,Sonar
Kuskokwim River Sonar,,,2020,07/26,Kuskokwim River Sonar,Sockeye,2209,2209,Calculated,Sonar
Kuskokwim River Sonar,,,2020,07/27,Kuskokwim River Sonar,Sockeye,2317,2317,Calculated,Sonar
Kuskokwim River Sonar,,,2020,07/28,Kuskokwim River Sonar,Sockeye,1610,1610,Calculated,Sonar
Kuskokwim River Sonar,,,2020,07/29,Kuskokwim River Sonar,Sockeye,0,0,Calculated,Sonar
Kuskokwim River Sonar,,,2020,07/30,Kuskokwim River Sonar,Sockeye,153,153,Calculated,Sonar
Kuskokwim River Sonar,,,2020,07/31,Kuskokwim River Sonar,Sockeye,649,649,Calculated,Sonar
Kuskokwim River Sonar,,,2020,08/01,Kuskokwim River Sonar,Sockeye,1260,1260,Calculated,Sonar
Kuskokwim River Sonar,,,2020,08/02,Kuskokwim River Sonar,Sockeye,2300,2300,Calculated,Sonar
Kuskokwim River Sonar,,,2020,08/03,Kuskokwim River Sonar,Sockeye,551,551,Calculated,Sonar
Kuskokwim River Sonar,,,2020,08/04,Kuskokwim River Sonar,Sockeye,1157,1157,Calculated,Sonar
Kuskokwim River Sonar,,,2020,08/05,Kuskokwim River Sonar,Sockeye,444,444,Calculated,Sonar
Kuskokwim River Sonar,,,2020,08/06,Kuskokwim River Sonar,Sockeye,391,391,Calculated,Sonar
Kuskokwim River Sonar,,,2020,08/07,Kuskokwim River Sonar,Sockeye,1292,1292,Calculated,Sonar
Kuskokwim River Sonar,,,2020,08/08,Kuskokwim River Sonar,Sockeye,427,427,Calculated,Sonar
Kuskokwim River Sonar,,,2020,08/09,Kuskokwim River Sonar,Sockeye,257,257,Calculated,Sonar
Kuskokwim River Sonar,,,2020,08/10,Kuskokwim River Sonar,Sockeye,442,442,Calculated,Sonar
Kuskokwim River Sonar,,,2020,08/11,Kuskokwim River Sonar,Sockeye,871,871,Calculated,Sonar
Kuskokwim River Sonar,,,2020,08/12,Kuskokwim River Sonar,Sockeye,502,502,Calculated,Sonar
Kuskokwim River Sonar,,,2020,08/13,Kuskokwim River Sonar,Sockeye,380,380,Calculated,Sonar
Kuskokwim River Sonar,,,2020,08/14,Kuskokwim River Sonar,Sockeye,0,0,Calculated,Sonar
Kuskokwim River Sonar,,,2020,08/15,Kuskokwim River Sonar,Sockeye,1015,1015,Calculated,Sonar
Kuskokwim River Sonar,,,2020,08/16,Kuskokwim River Sonar,Sockeye,0,0,Calculated,Sonar
Kuskokwim River Sonar,,,2020,08/17,Kuskokwim River Sonar,Sockeye,0,0,Calculated,Sonar
Kuskokwim River Sonar,,,2020,08/18,Kuskokwim River Sonar,Sockeye,831,831,Calculated,Sonar
Kuskokwim River Sonar,,,2020,08/19,Kuskokwim River Sonar,Sockeye,0,0,Calculated,Sonar
Kuskokwim River Sonar,,,2020,08/20,Kuskokwim River Sonar,Sockeye,0,0,Calculated,Sonar
Kuskokwim River Sonar,,,2020,08/21,Kuskokwim River Sonar,Sockeye,0,0,Calculated,Sonar
Kuskokwim River Sonar,,,2020,08/22,Kuskokwim River Sonar,Sockeye,0,0,Calculated,Sonar
Kuskokwim River Sonar,,,2020,08/23,Kuskokwim River Sonar,Sockeye,0,0,Calculated,Sonar
Kuskokwim River Sonar,,,2020,08/24,Kuskokwim River Sonar,Sockeye,361,361,Calculated,Sonar
Kuskokwim River Sonar,,,2020,08/25,Kuskokwim River Sonar,Sockeye,0,0,Calculated,Sonar
Kuskokwim River Sonar,,,2020,08/26,Kuskokwim River Sonar,Sockeye,,,Calculated,Sonar
Kuskokwim River Sonar,,,2021,06/01,Kuskokwim River Sonar,Sockeye,0,0,Calculated,Sonar
Kuskokwim River Sonar,,,2021,06/02,Kuskokwim River Sonar,Sockeye,0,0,Calculated,Sonar
Kuskokwim River Sonar,,,2021,06/03,Kuskokwim River Sonar,Sockeye,0,0,Calculated,Sonar
Kuskokwim River Sonar,,,2021,06/04,Kuskokwim River Sonar,Sockeye,0,0,Calculated,Sonar
Kuskokwim River Sonar,,,2021,06/05,Kuskokwim River Sonar,Sockeye,0,0,Calculated,Sonar
Kuskokwim River Sonar,,,2021,06/06,Kuskokwim River Sonar,Sockeye,0,0,Calculated,Sonar
Kuskokwim River Sonar,,,2021,06/07,Kuskokwim River Sonar,Sockeye,0,0,Calculated,Sonar
Kuskokwim River Sonar,,,2021,06/08,Kuskokwim River Sonar,Sockeye,303,303,Calculated,Sonar
Kuskokwim River Sonar,,,2021,06/09,Kuskokwim River Sonar,Sockeye,355,355,Calculated,Sonar
Kuskokwim River Sonar,,,2021,06/10,Kuskokwim River Sonar,Sockeye,737,737,Calculated,Sonar
Kuskokwim River Sonar,,,2021,06/11,Kuskokwim River Sonar,Sockeye,950,950,Calculated,Sonar
Kuskokwim River Sonar,,,2021,06/12,Kuskokwim River Sonar,Sockeye,830,830,Calculated,Sonar
Kuskokwim River Sonar,,,2021,06/13,Kuskokwim River Sonar,Sockeye,994,994,Calculated,Sonar
Kuskokwim River Sonar,,,2021,06/14,Kuskokwim River Sonar,Sockeye,2037,2037,Calculated,Sonar
Kuskokwim River Sonar,,,2021,06/15,Kuskokwim River Sonar,Sockeye,1355,1355,Calculated,Sonar
Kuskokwim River Sonar,,,2021,06/16,Kuskokwim River Sonar,Sockeye,3333,3333,Calculated,Sonar
Kuskokwim River Sonar,,,2021,06/17,Kuskokwim River Sonar,Sockeye,4342,4342,Calculated,Sonar
Kuskokwim River Sonar,,,2021,06/18,Kuskokwim River Sonar,Sockeye,6635,6635,Calculated,Sonar
Kuskokwim River Sonar,,,2021,06/19,Kuskokwim River Sonar,Sockeye,1569,1569,Calculated,Sonar
Kuskokwim River Sonar,,,2021,06/20,Kuskokwim River Sonar,Sockeye,1674,1674,Calculated,Sonar
Kuskokwim River Sonar,,,2021,06/21,Kuskokwim River Sonar,Sockeye,7421,7421,Calculated,Sonar
Kuskokwim River Sonar,,,2021,06/22,Kuskokwim River Sonar,Sockeye,6246,6246,Calculated,Sonar
Kuskokwim River Sonar,,,2021,06/23,Kuskokwim River Sonar,Sockeye,5071,5071,Calculated,Sonar
Kuskokwim River Sonar,,,2021,06/24,Kuskokwim River Sonar,Sockeye,6549,6549,Calculated,Sonar
Kuskokwim River Sonar,,,2021,06/25,Kuskokwim River Sonar,Sockeye,7705,7705,Calculated,Sonar
Kuskokwim River Sonar,,,2021,06/26,Kuskokwim River Sonar,Sockeye,10559,10559,Calculated,Sonar
Kuskokwim River Sonar,,,2021,06/27,Kuskokwim River Sonar,Sockeye,11581,11581,Calculated,Sonar
Kuskokwim River Sonar,,,2021,06/28,Kuskokwim River Sonar,Sockeye,15908,15908,Calculated,Sonar
Kuskokwim River Sonar,,,2021,06/29,Kuskokwim River Sonar,Sockeye,23561,23561,Calculated,Sonar
Kuskokwim River Sonar,,,2021,06/30,Kuskokwim River Sonar,Sockeye,36415,36415,Calculated,Sonar
Kuskokwim River Sonar,,,2021,07/01,Kuskokwim River Sonar,Sockeye,32671,32671,Calculated,Sonar
Kuskokwim River Sonar,,,2021,07/02,Kuskokwim River Sonar,Sockeye,22821,22821,Calculated,Sonar
Kuskokwim River Sonar,,,2021,07/03,Kuskokwim River Sonar,Sockeye,32673,32673,Calculated,Sonar
Kuskokwim River Sonar,,,2021,07/04,Kuskokwim River Sonar,Sockeye,56482,56482,Calculated,Sonar
Kuskokwim River Sonar,,,2021,07/05,Kuskokwim River Sonar,Sockeye,56124,56124,Calculated,Sonar
Kuskokwim River Sonar,,,2021,07/06,Kuskokwim River Sonar,Sockeye,39890,39890,Calculated,Sonar
Kuskokwim River Sonar,,,2021,07/07,Kuskokwim River Sonar,Sockeye,42628,42628,Calculated,Sonar
Kuskokwim River Sonar,,,2021,07/08,Kuskokwim River Sonar,Sockeye,43024,43024,Calculated,Sonar
Kuskokwim River Sonar,,,2021,07/09,Kuskokwim River Sonar,Sockeye,21250,21250,Calculated,Sonar
Kuskokwim River Sonar,,,2021,07/10,Kuskokwim River Sonar,Sockeye,21785,21785,Calculated,Sonar
Kuskokwim River Sonar,,,2021,07/11,Kuskokwim River Sonar,Sockeye,19520,19520,Calculated,Sonar
Kuskokwim River Sonar,,,2021,07/12,Kuskokwim River Sonar,Sockeye,21811,21811,Calculated,Sonar
Kuskokwim River Sonar,,,2021,07/13,Kuskokwim River Sonar,Sockeye,24927,24927,Calculated,Sonar
Kuskokwim River Sonar,,,2021,07/14,Kuskokwim River Sonar,Sockeye,44081,44081,Calculated,Sonar
Kuskokwim River Sonar,,,2021,07/15,Kuskokwim River Sonar,Sockeye,14310,14310,Calculated,Sonar
Kuskokwim River Sonar,,,2021,07/16,Kuskokwim River Sonar,Sockeye,20505,20505,Calculated,Sonar
Kuskokwim River Sonar,,,2021,07/17,Kuskokwim River Sonar,Sockeye,16137,16137,Calculated,Sonar
Kuskokwim River Sonar,,,2021,07/18,Kuskokwim River Sonar,Sockeye,7461,7461,Calculated,Sonar
Kuskokwim River Sonar,,,2021,07/19,Kuskokwim River Sonar,Sockeye,8041,8041,Calculated,Sonar
Kuskokwim River Sonar,,,2021,07/20,Kuskokwim River Sonar,Sockeye,14984,14984,Calculated,Sonar
Kuskokwim River Sonar,,,2021,07/21,Kuskokwim River Sonar,Sockeye,5516,5516,Calculated,Sonar
Kuskokwim River Sonar,,,2021,07/22,Kuskokwim River Sonar,Sockeye,3166,3166,Calculated,Sonar
Kuskokwim River Sonar,,,2021,07/23,Kuskokwim River Sonar,Sockeye,2755,2755,Calculated,Sonar
Kuskokwim River Sonar,,,2021,07/24,Kuskokwim River Sonar,Sockeye,1244,1244,Calculated,Sonar
Kuskokwim River Sonar,,,2021,07/25,Kuskokwim River Sonar,Sockeye,1752,1752,Calculated,Sonar
Kuskokwim River Sonar,,,2021,07/26,Kuskokwim River Sonar,Sockeye,1237,1237,Calculated,Sonar
Kuskokwim River Sonar,,,2021,07/27,Kuskokwim River Sonar,Sockeye,1782,1782,Calculated,Sonar
Kuskokwim River Sonar,,,2021,07/28,Kuskokwim River Sonar,Sockeye,2225,2225,Calculated,Sonar
Kuskokwim River Sonar,,,2021,07/29,Kuskokwim River Sonar,Sockeye,951,951,Calculated,Sonar
Kuskokwim River Sonar,,,2021,07/30,Kuskokwim River Sonar,Sockeye,130,130,Calculated,Sonar
Kuskokwim River Sonar,,,2021,07/31,Kuskokwim River Sonar,Sockeye,687,687,Calculated,Sonar
Kuskokwim River Sonar,,,2021,08/01,Kuskokwim River Sonar,Sockeye,793,793,Calculated,Sonar
Kuskokwim River Sonar,,,2021,08/02,Kuskokwim River Sonar,Sockeye,1981,1981,Calculated,Sonar
Kuskokwim River Sonar,,,2021,08/03,Kuskokwim River Sonar,Sockeye,0,0,Calculated,Sonar
Kuskokwim River Sonar,,,2021,08/04,Kuskokwim River Sonar,Sockeye,462,462,Calculated,Sonar
Kuskokwim River Sonar,,,2021,08/05,Kuskokwim River Sonar,Sockeye,819,819,Calculated,Sonar
Kuskokwim River Sonar,,,2021,08/06,Kuskokwim River Sonar,Sockeye,1413,1413,Calculated,Sonar
Kuskokwim River Sonar,,,2021,08/07,Kuskokwim River Sonar,Sockeye,0,0,Calculated,Sonar
Kuskokwim River Sonar,,,2021,08/08,Kuskokwim River Sonar,Sockeye,0,0,Calculated,Sonar
Kuskokwim River Sonar,,,2021,08/09,Kuskokwim River Sonar,Sockeye,0,0,Calculated,Sonar
Kuskokwim River Sonar,,,2021,08/10,Kuskokwim River Sonar,Sockeye,0,0,Calculated,Sonar
Kuskokwim River Sonar,,,2021,08/11,Kuskokwim River Sonar,Sockeye,0,0,Calculated,Sonar
Kuskokwim River Sonar,,,2021,08/12,Kuskokwim River Sonar,Sockeye,0,0,Calculated,Sonar
Kuskokwim River Sonar,,,2021,08/13,Kuskokwim River Sonar,Sockeye,440,440,Calculated,Sonar
Kuskokwim River Sonar,,,2021,08/14,Kuskokwim River Sonar,Sockeye,0,0,Calculated,Sonar
Kuskokwim River Sonar,,,2021,08/15,Kuskokwim River Sonar,Sockeye,293,293,Calculated,Sonar
Kuskokwim River Sonar,,,2021,08/16,Kuskokwim River Sonar,Sockeye,0,0,Calculated,Sonar
Kuskokwim River Sonar,,,2021,08/17,Kuskokwim River Sonar,Sockeye,0,0,Calculated,Sonar
Kuskokwim River Sonar,,,2021,08/18,Kuskokwim River Sonar,Sockeye,0,0,Calculated,Sonar
Kuskokwim River Sonar,,,2021,08/19,Kuskokwim River Sonar,Sockeye,0,0,Calculated,Sonar
Kuskokwim River Sonar,,,2021,08/20,Kuskokwim River Sonar,Sockeye,0,0,Calculated,Sonar
Kuskokwim River Sonar,,,2021,08/21,Kuskokwim River Sonar,Sockeye,136,136,Calculated,Sonar
Kuskokwim River Sonar,,,2021,08/22,Kuskokwim River Sonar,Sockeye,0,0,Calculated,Sonar
Kuskokwim River Sonar,,,2021,08/23,Kuskokwim River Sonar,Sockeye,0,0,Calculated,Sonar
Kuskokwim River Sonar,,,2021,08/24,Kuskokwim River Sonar,Sockeye,0,0,Calculated,Sonar
Kuskokwim River Sonar,,,2021,08/25,Kuskokwim River Sonar,Sockeye,0,0,Calculated,Sonar
Kuskokwim River Sonar,,,2021,08/26,Kuskokwim River Sonar,Sockeye,0,0,Calculated,Sonar
Kuskokwim River Sonar,,,2021,08/27,Kuskokwim River Sonar,Sockeye,0,0,Calculated,Sonar
Kuskokwim River Sonar,,,2021,08/28,Kuskokwim River Sonar,Sockeye,0,0,Calculated,Sonar
Kuskokwim River Sonar,,,2021,08/29,Kuskokwim River Sonar,Sockeye,0,0,Calculated,Sonar
Kuskokwim River Sonar,,,2021,08/30,Kuskokwim River Sonar,Sockeye,0,0,Calculated,Sonar
Kuskokwim River Sonar,,,2021,08/31,Kuskokwim River Sonar,Sockeye,0,0,Calculated,Sonar
Kuskokwim River Sonar,,,2021,09/01,Kuskokwim River Sonar,Sockeye,0,0,Calculated,Sonar
Kuskokwim River Sonar,,,2021,09/02,Kuskokwim River Sonar,Sockeye,0,0,Calculated,Sonar
Kuskokwim River Sonar,,,2021,09/03,Kuskokwim River Sonar,Sockeye,0,0,Calculated,Sonar
Kuskokwim River Sonar,,,2021,09/04,Kuskokwim River Sonar,Sockeye,0,0,Calculated,Sonar
Kuskokwim River Sonar,,,2021,09/05,Kuskokwim River Sonar,Sockeye,0,0,Calculated,Sonar
Kuskokwim River Sonar,,,2021,09/06,Kuskokwim River Sonar,Sockeye,0,0,Calculated,Sonar
Kuskokwim River Sonar,,,2022,06/01,Kuskokwim River Sonar,Sockeye,,,Calculated,Sonar
Kuskokwim River Sonar,,,2022,06/02,Kuskokwim River Sonar,Sockeye,0,0,Calculated,Sonar
Kuskokwim River Sonar,,,2022,06/03,Kuskokwim River Sonar,Sockeye,0,0,Calculated,Sonar
Kuskokwim River Sonar,,,2022,06/04,Kuskokwim River Sonar,Sockeye,0,0,Calculated,Sonar
Kuskokwim River Sonar,,,2022,06/05,Kuskokwim River Sonar,Sockeye,577,577,Calculated,Sonar
Kuskokwim River Sonar,,,2022,06/06,Kuskokwim River Sonar,Sockeye,949,949,Calculated,Sonar
Kuskokwim River Sonar,,,2022,06/07,Kuskokwim River Sonar,Sockeye,0,0,Calculated,Sonar
Kuskokwim River Sonar,,,2022,06/08,Kuskokwim River Sonar,Sockeye,0,0,Calculated,Sonar
Kuskokwim River Sonar,,,2022,06/09,Kuskokwim River Sonar,Sockeye,0,0,Calculated,Sonar
Kuskokwim River Sonar,,,2022,06/10,Kuskokwim River Sonar,Sockeye,0,0,Calculated,Sonar
Kuskokwim River Sonar,,,2022,06/11,Kuskokwim River Sonar,Sockeye,0,0,Calculated,Sonar
Kuskokwim River Sonar,,,2022,06/12,Kuskokwim River Sonar,Sockeye,739,739,Calculated,Sonar
Kuskokwim River Sonar,,,2022,06/13,Kuskokwim River Sonar,Sockeye,289,289,Calculated,Sonar
Kuskokwim River Sonar,,,2022,06/14,Kuskokwim River Sonar,Sockeye,944,944,Calculated,Sonar
Kuskokwim River Sonar,,,2022,06/15,Kuskokwim River Sonar,Sockeye,1206,1206,Calculated,Sonar
Kuskokwim River Sonar,,,2022,06/16,Kuskokwim River Sonar,Sockeye,852,852,Calculated,Sonar
Kuskokwim River Sonar,,,2022,06/17,Kuskokwim River Sonar,Sockeye,2295,2295,Calculated,Sonar
Kuskokwim River Sonar,,,2022,06/18,Kuskokwim River Sonar,Sockeye,2287,2287,Calculated,Sonar
Kuskokwim River Sonar,,,2022,06/19,Kuskokwim River Sonar,Sockeye,4831,4831,Calculated,Sonar
Kuskokwim River Sonar,,,2022,06/20,Kuskokwim River Sonar,Sockeye,8706,8706,Calculated,Sonar
Kuskokwim River Sonar,,,2022,06/21,Kuskokwim River Sonar,Sockeye,16932,16932,Calculated,Sonar
Kuskokwim River Sonar,,,2022,06/22,Kuskokwim River Sonar,Sockeye,8648,8648,Calculated,Sonar
Kuskokwim River Sonar,,,2022,06/23,Kuskokwim River Sonar,Sockeye,15426,15426,Calculated,Sonar
Kuskokwim River Sonar,,,2022,06/24,Kuskokwim River Sonar,Sockeye,26236,26236,Calculated,Sonar
Kuskokwim River Sonar,,,2022,06/25,Kuskokwim River Sonar,Sockeye,17794,17794,Calculated,Sonar
Kuskokwim River Sonar,,,2022,06/26,Kuskokwim River Sonar,Sockeye,40013,40013,Calculated,Sonar
Kuskokwim River Sonar,,,2022,06/27,Kuskokwim River Sonar,Sockeye,33725,33725,Calculated,Sonar
Kuskokwim River Sonar,,,2022,06/28,Kuskokwim River Sonar,Sockeye,43318,43318,Calculated,Sonar
Kuskokwim River Sonar,,,2022,06/29,Kuskokwim River Sonar,Sockeye,21975,21975,Calculated,Sonar
Kuskokwim River Sonar,,,2022,06/30,Kuskokwim River Sonar,Sockeye,23739,23739,Calculated,Sonar
Kuskokwim River Sonar,,,2022,07/01,Kuskokwim River Sonar,Sockeye,20782,20782,Calculated,Sonar
Kuskokwim River Sonar,,,2022,07/02,Kuskokwim River Sonar,Sockeye,28840,28840,Calculated,Sonar
Kuskokwim River Sonar,,,2022,07/03,Kuskokwim River Sonar,Sockeye,17718,17718,Calculated,Sonar
Kuskokwim River Sonar,,,2022,07/04,Kuskokwim River Sonar,Sockeye,28022,28022,Calculated,Sonar
Kuskokwim River Sonar,,,2022,07/05,Kuskokwim River Sonar,Sockeye,42041,42041,Calculated,Sonar
Kuskokwim River Sonar,,,2022,07/06,Kuskokwim River Sonar,Sockeye,29245,29245,Calculated,Sonar
Kuskokwim River Sonar,,,2022,07/07,Kuskokwim River Sonar,Sockeye,16525,16525,Calculated,Sonar
Kuskokwim River Sonar,,,2022,07/08,Kuskokwim River Sonar,Sockeye,28579,28579,Calculated,Sonar
Kuskokwim River Sonar,,,2022,07/09,Kuskokwim River Sonar,Sockeye,20831,20831,Calculated,Sonar
Kuskokwim River Sonar,,,2022,07/10,Kuskokwim River Sonar,Sockeye,14153,14153,Calculated,Sonar
Kuskokwim River Sonar,,,2022,07/11,Kuskokwim River Sonar,Sockeye,7634,7634,Calculated,Sonar
Kuskokwim River Sonar,,,2022,07/12,Kuskokwim River Sonar,Sockeye,12813,12813,Calculated,Sonar
Kuskokwim River Sonar,,,2022,07/13,Kuskokwim River Sonar,Sockeye,6075,6075,Calculated,Sonar
Kuskokwim River Sonar,,,2022,07/14,Kuskokwim River Sonar,Sockeye,6776,6776,Calculated,Sonar
Kuskokwim River Sonar,,,2022,07/15,Kuskokwim River Sonar,Sockeye,6025,6025,Calculated,Sonar
Kuskokwim River Sonar,,,2022,07/16,Kuskokwim River Sonar,Sockeye,4410,4410,Calculated,Sonar
Kuskokwim River Sonar,,,2022,07/17,Kuskokwim River Sonar,Sockeye,6574,6574,Calculated,Sonar
Kuskokwim River Sonar,,,2022,07/18,Kuskokwim River Sonar,Sockeye,5891,5891,Calculated,Sonar
Kuskokwim River Sonar,,,2022,07/19,Kuskokwim River Sonar,Sockeye,1187,1187,Calculated,Sonar
Kuskokwim River Sonar,,,2022,07/20,Kuskokwim River Sonar,Sockeye,754,754,Calculated,Sonar
Kuskokwim River Sonar,,,2022,07/21,Kuskokwim River Sonar,Sockeye,1206,1206,Calculated,Sonar
Kuskokwim River Sonar,,,2022,07/22,Kuskokwim River Sonar,Sockeye,4267,4267,Calculated,Sonar
Kuskokwim River Sonar,,,2022,07/23,Kuskokwim River Sonar,Sockeye,2247,2247,Calculated,Sonar
Kuskokwim River Sonar,,,2022,07/24,Kuskokwim River Sonar,Sockeye,1454,1454,Calculated,Sonar
Kuskokwim River Sonar,,,2022,07/25,Kuskokwim River Sonar,Sockeye,1061,1061,Calculated,Sonar
Kuskokwim River Sonar,,,2022,07/26,Kuskokwim River Sonar,Sockeye,2090,2090,Calculated,Sonar
Kuskokwim River Sonar,,,2022,07/27,Kuskokwim River Sonar,Sockeye,3133,3133,Calculated,Sonar
Kuskokwim River Sonar,,,2022,07/28,Kuskokwim River Sonar,Sockeye,1085,1085,Calculated,Sonar
Kuskokwim River Sonar,,,2022,07/29,Kuskokwim River Sonar,Sockeye,2307,2307,Calculated,Sonar
Kuskokwim River Sonar,,,2022,07/30,Kuskokwim River Sonar,Sockeye,302,302,Calculated,Sonar
Kuskokwim River Sonar,,,2022,07/31,Kuskokwim River Sonar,Sockeye,879,879,Calculated,Sonar
Kuskokwim River Sonar,,,2022,08/01,Kuskokwim River Sonar,Sockeye,2313,2313,Calculated,Sonar
Kuskokwim River Sonar,,,2022,08/02,Kuskokwim River Sonar,Sockeye,1884,1884,Calculated,Sonar
Kuskokwim River Sonar,,,2022,08/03,Kuskokwim River Sonar,Sockeye,2150,2150,Calculated,Sonar
Kuskokwim River Sonar,,,2022,08/04,Kuskokwim River Sonar,Sockeye,2038,2038,Calculated,Sonar
Kuskokwim River Sonar,,,2022,08/05,Kuskokwim River Sonar,Sockeye,350,350,Calculated,Sonar
Kuskokwim River Sonar,,,2022,08/06,Kuskokwim River Sonar,Sockeye,397,397,Calculated,Sonar
Kuskokwim River Sonar,,,2022,08/07,Kuskokwim River Sonar,Sockeye,885,885,Calculated,Sonar
Kuskokwim River Sonar,,,2022,08/08,Kuskokwim River Sonar,Sockeye,4647,4647,Calculated,Sonar
Kuskokwim River Sonar,,,2022,08/09,Kuskokwim River Sonar,Sockeye,0,0,Calculated,Sonar
Kuskokwim River Sonar,,,2022,08/10,Kuskokwim River Sonar,Sockeye,306,306,Calculated,Sonar
Kuskokwim River Sonar,,,2022,08/11,Kuskokwim River Sonar,Sockeye,0,0,Calculated,Sonar
Kuskokwim River Sonar,,,2022,08/12,Kuskokwim River Sonar,Sockeye,0,0,Calculated,Sonar
Kuskokwim River Sonar,,,2022,08/13,Kuskokwim River Sonar,Sockeye,0,0,Calculated,Sonar
Kuskokwim River Sonar,,,2022,08/14,Kuskokwim River Sonar,Sockeye,0,0,Calculated,Sonar
Kuskokwim River Sonar,,,2022,08/15,Kuskokwim River Sonar,Sockeye,0,0,Calculated,Sonar
Kuskokwim River Sonar,,,2022,08/16,Kuskokwim River Sonar,Sockeye,0,0,Calculated,Sonar
Kuskokwim River Sonar,,,2022,08/17,Kuskokwim River Sonar,Sockeye,0,0,Calculated,Sonar
Kuskokwim River Sonar,,,2022,08/18,Kuskokwim River Sonar,Sockeye,0,0,Calculated,Sonar
Kuskokwim River Sonar,,,2022,08/19,Kuskokwim River Sonar,Sockeye,0,0,Calculated,Sonar
Kuskokwim River Sonar,,,2022,08/20,Kuskokwim River Sonar,Sockeye,348,348,Calculated,Sonar
Kuskokwim River Sonar,,,2022,08/21,Kuskokwim River Sonar,Sockeye,971,971,Calculated,Sonar
Kuskokwim River Sonar,,,2022,08/22,Kuskokwim River Sonar,Sockeye,0,0,Calculated,Sonar
Kuskokwim River Sonar,,,2022,08/23,Kuskokwim River Sonar,Sockeye,0,0,Calculated,Sonar
Kuskokwim River Sonar,,,2022,08/24,Kuskokwim River Sonar,Sockeye,1198,1198,Calculated,Sonar
Kuskokwim River Sonar,,,2022,08/25,Kuskokwim River Sonar,Sockeye,838,838,Calculated,Sonar
Kuskokwim River Sonar,,,2022,08/26,Kuskokwim River Sonar,Sockeye,0,0,Calculated,Sonar
Kuskokwim River Sonar,,,2023,06/09,Kuskokwim River Sonar,Sockeye,731,731,Calculated,Sonar
Kuskokwim River Sonar,,,2023,06/10,Kuskokwim River Sonar,Sockeye,670,670,Calculated,Sonar
Kuskokwim River Sonar,,,2023,06/11,Kuskokwim River Sonar,Sockeye,303,303,Calculated,Sonar
Kuskokwim River Sonar,,,2023,06/12,Kuskokwim River Sonar,Sockeye,384,384,Calculated,Sonar
Kuskokwim River Sonar,,,2023,06/13,Kuskokwim River Sonar,Sockeye,0,0,Calculated,Sonar
Kuskokwim River Sonar,,,2023,06/14,Kuskokwim River Sonar,Sockeye,201,201,Calculated,Sonar
Kuskokwim River Sonar,,,2023,06/15,Kuskokwim River Sonar,Sockeye,1387,1387,Calculated,Sonar
Kuskokwim River Sonar,,,2023,06/16,Kuskokwim River Sonar,Sockeye,868,868,Calculated,Sonar
Kuskokwim River Sonar,,,2023,06/17,Kuskokwim River Sonar,Sockeye,1205,1205,Calculated,Sonar
Kuskokwim River Sonar,,,2023,06/18,Kuskokwim River Sonar,Sockeye,2650,2650,Calculated,Sonar
Kuskokwim River Sonar,,,2023,06/19,Kuskokwim River Sonar,Sockeye,3626,3626,Calculated,Sonar
Kuskokwim River Sonar,,,2023,06/20,Kuskokwim River Sonar,Sockeye,5742,5742,Calculated,Sonar
Kuskokwim River Sonar,,,2023,06/21,Kuskokwim River Sonar,Sockeye,5425,5425,Calculated,Sonar
Kuskokwim River Sonar,,,2023,06/22,Kuskokwim River Sonar,Sockeye,11844,11844,Calculated,Sonar
Kuskokwim River Sonar,,,2023,06/23,Kuskokwim River Sonar,Sockeye,2667,2667,Calculated,Sonar
Kuskokwim River Sonar,,,2023,06/24,Kuskokwim River Sonar,Sockeye,8841,8841,Calculated,Sonar
Kuskokwim River Sonar,,,2023,06/25,Kuskokwim River Sonar,Sockeye,9748,9748,Calculated,Sonar
Kuskokwim River Sonar,,,2023,06/26,Kuskokwim River Sonar,Sockeye,19200,19200,Calculated,Sonar
Kuskokwim River Sonar,,,2023,06/27,Kuskokwim River Sonar,Sockeye,28155,28155,Calculated,Sonar
Kuskokwim River Sonar,,,2023,06/28,Kuskokwim River Sonar,Sockeye,31175,31175,Calculated,Sonar
Kuskokwim River Sonar,,,2023,06/29,Kuskokwim River Sonar,Sockeye,28066,28066,Calculated,Sonar
Kuskokwim River Sonar,,,2023,06/30,Kuskokwim River Sonar,Sockeye,47638,47638,Calculated,Sonar
Kuskokwim River Sonar,,,2023,07/01,Kuskokwim River Sonar,Sockeye,54989,54989,Calculated,Sonar
Kuskokwim River Sonar,,,2023,07/02,Kuskokwim River Sonar,Sockeye,30480,30480,Calculated,Sonar
Kuskokwim River Sonar,,,2023,07/03,Kuskokwim River Sonar,Sockeye,20091,20091,Calculated,Sonar
Kuskokwim River Sonar,,,2023,07/04,Kuskokwim River Sonar,Sockeye,27688,27688,Calculated,Sonar
Kuskokwim River Sonar,,,2023,07/05,Kuskokwim River Sonar,Sockeye,33583,33583,Calculated,Sonar
Kuskokwim River Sonar,,,2023,07/06,Kuskokwim River Sonar,Sockeye,47205,47205,Calculated,Sonar
Kuskokwim River Sonar,,,2023,07/07,Kuskokwim River Sonar,Sockeye,71216,71216,Calculated,Sonar
Kuskokwim River Sonar,,,2023,07/08,Kuskokwim River Sonar,Sockeye,102493,102493,Calculated,Sonar
Kuskokwim River Sonar,,,2023,07/09,Kuskokwim River Sonar,Sockeye,40038,40038,Calculated,Sonar
Kuskokwim River Sonar,,,2023,07/10,Kuskokwim River Sonar,Sockeye,33299,33299,Calculated,Sonar
Kuskokwim River Sonar,,,2023,07/11,Kuskokwim River Sonar,Sockeye,18712,18712,Calculated,Sonar
Kuskokwim River Sonar,,,2023,07/12,Kuskokwim River Sonar,Sockeye,18231,18231,Calculated,Sonar
Kuskokwim River Sonar,,,2023,07/13,Kuskokwim River Sonar,Sockeye,13205,13205,Calculated,Sonar
Kuskokwim River Sonar,,,2023,07/14,Kuskokwim River Sonar,Sockeye,14008,14008,Calculated,Sonar
Kuskokwim River Sonar,,,2023,07/15,Kuskokwim River Sonar,Sockeye,18140,18140,Calculated,Sonar
Kuskokwim River Sonar,,,2023,07/16,Kuskokwim River Sonar,Sockeye,6449,6449,Calculated,Sonar
Kuskokwim River Sonar,,,2023,07/17,Kuskokwim River Sonar,Sockeye,20461,20461,Calculated,Sonar
Kuskokwim River Sonar,,,2023,07/18,Kuskokwim River Sonar,Sockeye,23812,23812,Calculated,Sonar
Kuskokwim River Sonar,,,2023,07/19,Kuskokwim River Sonar,Sockeye,11444,11444,Calculated,Sonar
Kuskokwim River Sonar,,,2023,07/20,Kuskokwim River Sonar,Sockeye,9493,9493,Calculated,Sonar
Kuskokwim River Sonar,,,2023,07/21,Kuskokwim River Sonar,Sockeye,11645,11645,Calculated,Sonar
Kuskokwim River Sonar,,,2023,07/22,Kuskokwim River Sonar,Sockeye,14273,14273,Calculated,Sonar
Kuskokwim River Sonar,,,2023,07/23,Kuskokwim River Sonar,Sockeye,10973,10973,Calculated,Sonar
Kuskokwim River Sonar,,,2023,07/24,Kuskokwim River Sonar,Sockeye,7781,7781,Calculated,Sonar
Kuskokwim River Sonar,,,2023,07/25,Kuskokwim River Sonar,Sockeye,6377,6377,Calculated,Sonar
Kuskokwim River Sonar,,,2023,07/26,Kuskokwim River Sonar,Sockeye,3823,3823,Calculated,Sonar
Kuskokwim River Sonar,,,2023,07/27,Kuskokwim River Sonar,Sockeye,2863,2863,Calculated,Sonar
Kuskokwim River Sonar,,,2023,07/28,Kuskokwim River Sonar,Sockeye,3459,3459,Calculated,Sonar
Kuskokwim River Sonar,,,2023,07/29,Kuskokwim River Sonar,Sockeye,561,561,Calculated,Sonar
Kuskokwim River Sonar,,,2023,07/30,Kuskokwim River Sonar,Sockeye,1177,1177,Calculated,Sonar
Kuskokwim River Sonar,,,2023,07/31,Kuskokwim River Sonar,Sockeye,0,0,Calculated,Sonar
Kuskokwim River Sonar,,,2023,08/01,Kuskokwim River Sonar,Sockeye,452,452,Calculated,Sonar
Kuskokwim River Sonar,,,2023,08/02,Kuskokwim River Sonar,Sockeye,4635,4635,Calculated,Sonar
Kuskokwim River Sonar,,,2023,08/03,Kuskokwim River Sonar,Sockeye,21,21,Calculated,Sonar
Kuskokwim River Sonar,,,2023,08/04,Kuskokwim River Sonar,Sockeye,576,576,Calculated,Sonar
Kuskokwim River Sonar,,,2023,08/05,Kuskokwim River Sonar,Sockeye,0,0,Calculated,Sonar
Kuskokwim River Sonar,,,2023,08/06,Kuskokwim River Sonar,Sockeye,1019,1019,Calculated,Sonar
Kuskokwim River Sonar,,,2023,08/07,Kuskokwim River Sonar,Sockeye,339,339,Calculated,Sonar
Kuskokwim River Sonar,,,2023,08/08,Kuskokwim River Sonar,Sockeye,1687,1687,Calculated,Sonar
Kuskokwim River Sonar,,,2023,08/09,Kuskokwim River Sonar,Sockeye,489,489,Calculated,Sonar
Kuskokwim River Sonar,,,2023,08/10,Kuskokwim River Sonar,Sockeye,0,0,Calculated,Sonar
Kuskokwim River Sonar,,,2023,08/11,Kuskokwim River Sonar,Sockeye,0,0,Calculated,Sonar
Kuskokwim River Sonar,,,2023,08/12,Kuskokwim River Sonar,Sockeye,689,689,Calculated,Sonar
Kuskokwim River Sonar,,,2023,08/13,Kuskokwim River Sonar,Sockeye,0,0,Calculated,Sonar
Kuskokwim River Sonar,,,2023,08/14,Kuskokwim River Sonar,Sockeye,480,480,Calculated,Sonar
Kuskokwim River Sonar,,,2023,08/15,Kuskokwim River Sonar,Sockeye,0,0,Calculated,Sonar
Kuskokwim River Sonar,,,2023,08/16,Kuskokwim River Sonar,Sockeye,0,0,Calculated,Sonar
Kuskokwim River Sonar,,,2023,08/17,Kuskokwim River Sonar,Sockeye,0,0,Calculated,Sonar
Kuskokwim River Sonar,,,2023,08/18,Kuskokwim River Sonar,Sockeye,0,0,Calculated,Sonar
Kuskokwim River Sonar,,,2023,08/19,Kuskokwim River Sonar,Sockeye,0,0,Calculated,Sonar
Kuskokwim River Sonar,,,2023,08/20,Kuskokwim River Sonar,Sockeye,133,133,Calculated,Sonar
Kuskokwim River Sonar,,,2023,08/21,Kuskokwim River Sonar,Sockeye,165,165,Calculated,Sonar
Kuskokwim River Sonar,,,2023,08/22,Kuskokwim River Sonar,Sockeye,0,0,Calculated,Sonar
Kuskokwim River Sonar,,,2023,08/23,Kuskokwim River Sonar,Sockeye,0,0,Calculated,Sonar
Kuskokwim River Sonar,,,2023,08/24,Kuskokwim River Sonar,Sockeye,0,0,Calculated,Sonar
Kuskokwim River Sonar,,,2023,08/25,Kuskokwim River Sonar,Sockeye,0,0,Calculated,Sonar
Kuskokwim River Sonar,,,2023,08/26,Kuskokwim River Sonar,Sockeye,0,0,Calculated,Sonar
Kuskokwim River Sonar,,,2024,06/03,Kuskokwim River Sonar,Sockeye,0,0,Calculated,Sonar
Kuskokwim River Sonar,,,2024,06/04,Kuskokwim River Sonar,Sockeye,0,0,Calculated,Sonar
Kuskokwim River Sonar,,,2024,06/05,Kuskokwim River Sonar,Sockeye,0,0,Calculated,Sonar
Kuskokwim River Sonar,,,2024,06/06,Kuskokwim River Sonar,Sockeye,0,0,Calculated,Sonar
Kuskokwim River Sonar,,,2024,06/07,Kuskokwim River Sonar,Sockeye,0,0,Calculated,Sonar
Kuskokwim River Sonar,,,2024,06/08,Kuskokwim River Sonar,Sockeye,0,0,Calculated,Sonar
Kuskokwim River Sonar,,,2024,06/09,Kuskokwim River Sonar,Sockeye,318,318,Calculated,Sonar
Kuskokwim River Sonar,,,2024,06/10,Kuskokwim River Sonar,Sockeye,417,417,Calculated,Sonar
Kuskokwim River Sonar,,,2024,06/11,Kuskokwim River Sonar,Sockeye,495,495,Calculated,Sonar
Kuskokwim River Sonar,,,2024,06/12,Kuskokwim River Sonar,Sockeye,0,0,Calculated,Sonar
Kuskokwim River Sonar,,,2024,06/13,Kuskokwim River Sonar,Sockeye,0,0,Calculated,Sonar
Kuskokwim River Sonar,,,2024,06/14,Kuskokwim River Sonar,Sockeye,0,0,Calculated,Sonar
Kuskokwim River Sonar,,,2024,06/15,Kuskokwim River Sonar,Sockeye,789,789,Calculated,Sonar
Kuskokwim River Sonar,,,2024,06/16,Kuskokwim River Sonar,Sockeye,918,918,Calculated,Sonar
Kuskokwim River Sonar,,,2024,06/17,Kuskokwim River Sonar,Sockeye,2057,2057,Calculated,Sonar
Kuskokwim River Sonar,,,2024,06/18,Kuskokwim River Sonar,Sockeye,7248,7248,Calculated,Sonar
Kuskokwim River Sonar,,,2024,06/19,Kuskokwim River Sonar,Sockeye,3215,3215,Calculated,Sonar
Kuskokwim River Sonar,,,2024,06/20,Kuskokwim River Sonar,Sockeye,9044,9044,Calculated,Sonar
Kuskokwim River Sonar,,,2024,06/21,Kuskokwim River Sonar,Sockeye,11516,11516,Calculated,Sonar
Kuskokwim River Sonar,,,2024,06/22,Kuskokwim River Sonar,Sockeye,8903,8903,Calculated,Sonar
Kuskokwim River Sonar,,,2024,06/23,Kuskokwim River Sonar,Sockeye,13437,13437,Calculated,Sonar
Kuskokwim River Sonar,,,2024,06/24,Kuskokwim River Sonar,Sockeye,19591,19591,Calculated,Sonar
Kuskokwim River Sonar,,,2024,06/25,Kuskokwim River Sonar,Sockeye,23413,23413,Calculated,Sonar
Kuskokwim River Sonar,,,2024,06/26,Kuskokwim River Sonar,Sockeye,30878,30878,Calculated,Sonar
Kuskokwim River Sonar,,,2024,06/27,Kuskokwim River Sonar,Sockeye,21089,21089,Calculated,Sonar
Kuskokwim River Sonar,,,2024,06/28,Kuskokwim River Sonar,Sockeye,33307,33307,Calculated,Sonar
Kuskokwim River Sonar,,,2024,06/29,Kuskokwim River Sonar,Sockeye,38288,38288,Calculated,Sonar
Kuskokwim River Sonar,,,2024,06/30,Kuskokwim River Sonar,Sockeye,41035,41035,Calculated,Sonar
Kuskokwim River Sonar,,,2024,07/01,Kuskokwim River Sonar,Sockeye,24918,24918,Calculated,Sonar
Kuskokwim River Sonar,,,2024,07/02,Kuskokwim River Sonar,Sockeye,21615,21615,Calculated,Sonar
Kuskokwim River Sonar,,,2024,07/03,Kuskokwim River Sonar,Sockeye,17819,17819,Calculated,Sonar
Kuskokwim River Sonar,,,2024,07/04,Kuskokwim River Sonar,Sockeye,21469,21469,Calculated,Sonar
Kuskokwim River Sonar,,,2024,07/05,Kuskokwim River Sonar,Sockeye,21085,21085,Calculated,Sonar
Kuskokwim River Sonar,,,2024,07/06,Kuskokwim River Sonar,Sockeye,49985,49985,Calculated,Sonar
Kuskokwim River Sonar,,,2024,07/07,Kuskokwim River Sonar,Sockeye,28090,28090,Calculated,Sonar
Kuskokwim River Sonar,,,2024,07/08,Kuskokwim River Sonar,Sockeye,20870,20870,Calculated,Sonar
Kuskokwim River Sonar,,,2024,07/09,Kuskokwim River Sonar,Sockeye,24167,24167,Calculated,Sonar
Kuskokwim River Sonar,,,2024,07/10,Kuskokwim River Sonar,Sockeye,18790,18790,Calculated,Sonar
Kuskokwim River Sonar,,,2024,07/11,Kuskokwim River Sonar,Sockeye,19117,19117,Calculated,Sonar
Kuskokwim River Sonar,,,2024,07/12,Kuskokwim River Sonar,Sockeye,21483,21483,Calculated,Sonar
Kuskokwim River Sonar,,,2024,07/13,Kuskokwim River Sonar,Sockeye,22560,22560,Calculated,Sonar
Kuskokwim River Sonar,,,2024,07/14,Kuskokwim River Sonar,Sockeye,12916,12916,Calculated,Sonar
Kuskokwim River Sonar,,,2024,07/15,Kuskokwim River Sonar,Sockeye,7813,7813,Calculated,Sonar
Kuskokwim River Sonar,,,2024,07/16,Kuskokwim River Sonar,Sockeye,17866,17866,Calculated,Sonar
Kuskokwim River Sonar,,,2024,07/17,Kuskokwim River Sonar,Sockeye,15017,15017,Calculated,Sonar
Kuskokwim River Sonar,,,2024,07/18,Kuskokwim River Sonar,Sockeye,9007,9007,Calculated,Sonar
Kuskokwim River Sonar,,,2024,07/19,Kuskokwim River Sonar,Sockeye,8111,8111,Calculated,Sonar
Kuskokwim River Sonar,,,2024,07/20,Kuskokwim River Sonar,Sockeye,8482,8482,Calculated,Sonar
Kuskokwim River Sonar,,,2024,07/21,Kuskokwim River Sonar,Sockeye,9661,9661,Calculated,Sonar
Kuskokwim River Sonar,,,2024,07/22,Kuskokwim River Sonar,Sockeye,6223,6223,Calculated,Sonar
Kuskokwim River Sonar,,,2024,07/23,Kuskokwim River Sonar,Sockeye,9642,9642,Calculated,Sonar
Kuskokwim River Sonar,,,2024,07/24,Kuskokwim River Sonar,Sockeye,8363,8363,Calculated,Sonar
Kuskokwim River Sonar,,,2024,07/25,Kuskokwim River Sonar,Sockeye,4697,4697,Calculated,Sonar
Kuskokwim River Sonar,,,2025,06/03,Kuskokwim River Sonar,Sockeye,0,0,Calculated,Sonar
Kuskokwim River Sonar,,,2025,06/04,Kuskokwim River Sonar,Sockeye,0,0,Calculated,Sonar
Kuskokwim River Sonar,,,2025,06/05,Kuskokwim River Sonar,Sockeye,0,0,Calculated,Sonar
Kuskokwim River Sonar,,,2025,06/06,Kuskokwim River Sonar,Sockeye,366,366,Calculated,Sonar
Kuskokwim River Sonar,,,2025,06/07,Kuskokwim River Sonar,Sockeye,228,228,Calculated,Sonar
Kuskokwim River Sonar,,,2025,06/08,Kuskokwim River Sonar,Sockeye,241,241,Calculated,Sonar
Kuskokwim River Sonar,,,2025,06/09,Kuskokwim River Sonar,Sockeye,749,749,Calculated,Sonar
Kuskokwim River Sonar,,,2025,06/10,Kuskokwim River Sonar,Sockeye,264,264,Calculated,Sonar
Kuskokwim River Sonar,,,2025,06/11,Kuskokwim River Sonar,Sockeye,771,771,Calculated,Sonar
Kuskokwim River Sonar,,,2025,06/12,Kuskokwim River Sonar,Sockeye,1036,1036,Calculated,Sonar
Kuskokwim River Sonar,,,2025,06/13,Kuskokwim River Sonar,Sockeye,2833,2833,Calculated,Sonar
Kuskokwim River Sonar,,,2025,06/14,Kuskokwim River Sonar,Sockeye,6256,6256,Calculated,Sonar
Kuskokwim River Sonar,,,2025,06/15,Kuskokwim River Sonar,Sockeye,11831,11831,Calculated,Sonar
Kuskokwim River Sonar,,,2025,06/16,Kuskokwim River Sonar,Sockeye,7653,7653,Calculated,Sonar
Kuskokwim River Sonar,,,2025,06/17,Kuskokwim River Sonar,Sockeye,9533,9533,Calculated,Sonar
Kuskokwim River Sonar,,,2025,06/18,Kuskokwim River Sonar,Sockeye,17036,17036,Calculated,Sonar
Kuskokwim River Sonar,,,2025,06/19,Kuskokwim River Sonar,Sockeye,16366,16366,Calculated,Sonar
Kuskokwim River Sonar,,,2025,06/20,Kuskokwim River Sonar,Sockeye,14322,14322,Calculated,Sonar
Kuskokwim River Sonar,,,2025,06/21,Kuskokwim River Sonar,Sockeye,8696,8696,Calculated,Sonar
Kuskokwim River Sonar,,,2025,06/22,Kuskokwim River Sonar,Sockeye,11323,11323,Calculated,Sonar
Kuskokwim River Sonar,,,2025,06/23,Kuskokwim River Sonar,Sockeye,17452,17452,Calculated,Sonar
Kuskokwim River Sonar,,,2025,06/24,Kuskokwim River Sonar,Sockeye,27600,27600,Calculated,Sonar
Kuskokwim River Sonar,,,2025,06/25,Kuskokwim River Sonar,Sockeye,33506,33506,Calculated,Sonar
Kuskokwim River Sonar,,,2025,06/26,Kuskokwim River Sonar,Sockeye,26413,26413,Calculated,Sonar
Kuskokwim River Sonar,,,2025,06/27,Kuskokwim River Sonar,Sockeye,20859,20859,Calculated,Sonar
Kuskokwim River Sonar,,,2025,06/28,Kuskokwim River Sonar,Sockeye,13150,13150,Calculated,Sonar
Kuskokwim River Sonar,,,2025,06/29,Kuskokwim River Sonar,Sockeye,13423,13423,Calculated,Sonar
Kuskokwim River Sonar,,,2025,06/30,Kuskokwim River Sonar,Sockeye,22270,22270,Calculated,Sonar
Kuskokwim River Sonar,,,2025,07/01,Kuskokwim River Sonar,Sockeye,18333,18333,Calculated,Sonar
Kuskokwim River Sonar,,,2025,07/02,Kuskokwim River Sonar,Sockeye,41702,41702,Calculated,Sonar
Kuskokwim River Sonar,,,2025,07/03,Kuskokwim River Sonar,Sockeye,58694,58694,Calculated,Sonar
Kuskokwim River Sonar,,,2025,07/04,Kuskokwim River Sonar,Sockeye,87274,87274,Calculated,Sonar
Kuskokwim River Sonar,,,2025,07/05,Kuskokwim River Sonar,Sockeye,57526,57526,Calculated,Sonar
Kuskokwim River Sonar,,,2025,07/06,Kuskokwim River Sonar,Sockeye,28481,28481,Calculated,Sonar
Kuskokwim River Sonar,,,2025,07/07,Kuskokwim River Sonar,Sockeye,15009,15009,Calculated,Sonar
Kuskokwim River Sonar,,,2025,07/08,Kuskokwim River Sonar,Sockeye,28434,28434,Calculated,Sonar
Kuskokwim River Sonar,,,2025,07/09,Kuskokwim River Sonar,Sockeye,30356,30356,Calculated,Sonar
Kuskokwim River Sonar,,,2025,07/10,Kuskokwim River Sonar,Sockeye,36950,36950,Calculated,Sonar
Kuskokwim River Sonar,,,2025,07/11,Kuskokwim River Sonar,Sockeye,41151,41151,Calculated,Sonar
Kuskokwim River Sonar,,,2025,07/12,Kuskokwim River Sonar,Sockeye,32580,32580,Calculated,Sonar
Kuskokwim River Sonar,,,2025,07/13,Kuskokwim River Sonar,Sockeye,22426,22426,Calculated,Sonar
Kuskokwim River Sonar,,,2025,07/14,Kuskokwim River Sonar,Sockeye,21800,21800,Calculated,Sonar
Kuskokwim River Sonar,,,2025,07/15,Kuskokwim River Sonar,Sockeye,19558,19558,Calculated,Sonar
Kuskokwim River Sonar,,,2025,07/16,Kuskokwim River Sonar,Sockeye,13971,13971,Calculated,Sonar
Kuskokwim River Sonar,,,2025,07/17,Kuskokwim River Sonar,Sockeye,11694,11694,Calculated,Sonar
Kuskokwim River Sonar,,,2025,07/18,Kuskokwim River Sonar,Sockeye,4936,4936,Calculated,Sonar
Kuskokwim River Sonar,,,2025,07/19,Kuskokwim River Sonar,Sockeye,4610,4610,Calculated,Sonar
Kuskokwim River Sonar,,,2025,07/20,Kuskokwim River Sonar,Sockeye,4466,4466,Calculated,Sonar
Kuskokwim River Sonar,,,2025,07/21,Kuskokwim River Sonar,Sockeye,6773,6773,Calculated,Sonar
Kuskokwim River Sonar,,,2025,07/22,Kuskokwim River Sonar,Sockeye,1896,1896,Calculated,Sonar
Kuskokwim River Sonar,,,2025,07/23,Kuskokwim River Sonar,Sockeye,9972,9972,Calculated,Sonar
Kuskokwim River Sonar,,,2025,07/24,Kuskokwim River Sonar,Sockeye,2913,2913,Calculated,Sonar
Kuskokwim River Sonar,,,2025,07/25,Kuskokwim River Sonar,Sockeye,578,578,Calculated,Sonar
Kuskokwim River Sonar,,,2025,07/26,Kuskokwim River Sonar,Sockeye,2533,2533,Calculated,Sonar
Kuskokwim River Sonar,,,2025,07/27,Kuskokwim River Sonar,Sockeye,454,454,Calculated,Sonar
Kuskokwim River Sonar,,,2025,07/28,Kuskokwim River Sonar,Sockeye,1476,1476,Calculated,Sonar
Kuskokwim River Sonar,,,2025,07/29,Kuskokwim River Sonar,Sockeye,3018,3018,Calculated,Sonar
Kuskokwim River Sonar,,,2025,07/30,Kuskokwim River Sonar,Sockeye,2445,2445,Calculated,Sonar
Kuskokwim River Sonar,,,2025,07/31,Kuskokwim River Sonar,Sockeye,2209,2209,Calculated,Sonar
Kuskokwim River Sonar,,,2025,08/01,Kuskokwim River Sonar,Sockeye,2542,2542,Calculated,Sonar
Kuskokwim River Sonar,,,2025,08/02,Kuskokwim River Sonar,Sockeye,1047,1047,Calculated,Sonar
Kuskokwim River Sonar,,,2025,08/03,Kuskokwim River Sonar,Sockeye,0,0,Calculated,Sonar
Kuskokwim River Sonar,,,2025,08/04,Kuskokwim River Sonar,Sockeye,5029,5029,Calculated,Sonar
Kuskokwim River Sonar,,,2025,08/05,Kuskokwim River Sonar,Sockeye,0,0,Calculated,Sonar
Kuskokwim River Sonar,,,2025,08/06,Kuskokwim River Sonar,Sockeye,7010,7010,Calculated,Sonar
Kuskokwim River Sonar,,,2025,08/07,Kuskokwim River Sonar,Sockeye,960,960,Calculated,Sonar
Kuskokwim River Sonar,,,2025,08/08,Kuskokwim River Sonar,Sockeye,0,0,Calculated,Sonar
Kuskokwim River Sonar,,,2025,08/09,Kuskokwim River Sonar,Sockeye,721,721,Calculated,Sonar
Kuskokwim River Sonar,,,2025,08/10,Kuskokwim River Sonar,Sockeye,1376,1376,Calculated,Sonar
Kuskokwim River Sonar,,,2025,08/11,Kuskokwim River Sonar,Sockeye,0,0,Calculated,Sonar
Kuskokwim River Sonar,,,2025,08/12,Kuskokwim River Sonar,Sockeye,0,0,Calculated,Sonar
Kuskokwim River Sonar,,,2025,08/13,Kuskokwim River Sonar,Sockeye,291,291,Calculated,Sonar
Kuskokwim River Sonar,,,2025,08/14,Kuskokwim River Sonar,Sockeye,307,307,Calculated,Sonar
Kuskokwim River Sonar,,,2025,08/15,Kuskokwim River Sonar,Sockeye,511,511,Calculated,Sonar
Kuskokwim River Sonar,,,2025,08/16,Kuskokwim River Sonar,Sockeye,216,216,Calculated,Sonar
Kuskokwim River Sonar,,,2025,08/17,Kuskokwim River Sonar,Sockeye,289,289,Calculated,Sonar
Kuskokwim River Sonar,,,2025,08/18,Kuskokwim River Sonar,Sockeye,525,525,Calculated,Sonar
Kuskokwim River Sonar,,,2025,08/19,Kuskokwim River Sonar,Sockeye,4481,4481,Calculated,Sonar
Kuskokwim River Sonar,,,2025,08/20,Kuskokwim River Sonar,Sockeye,385,385,Calculated,Sonar
Kuskokwim River Sonar,,,2025,08/21,Kuskokwim River Sonar,Sockeye,0,0,Calculated,Sonar
Kuskokwim River Sonar,,,2025,08/22,Kuskokwim River Sonar,Sockeye,0,0,Calculated,Sonar
Kuskokwim River Sonar,,,2025,08/23,Kuskokwim River Sonar,Sockeye,0,0,Calculated,Sonar
Kuskokwim River Sonar,,,2025,08/24,Kuskokwim River Sonar,Sockeye,0,0,Calculated,Sonar
Kuskokwim River Sonar,,,2025,08/25,Kuskokwim River Sonar,Sockeye,,,Calculated,Sonar
Kuskokwim River Sonar,,,2025,08/26,Kuskokwim River Sonar,Sockeye,,,Calculated,Sonar